# ************************************************************
# Sequel Pro SQL dump
# Version 4541
#
# http://www.sequelpro.com/
# https://github.com/sequelpro/sequelpro
#
# Host: localhost (MySQL 5.7.22)
# Database: dbdata
# Generation Time: 2018-07-25 19:16:19 +0000
# ************************************************************


/*!40101 SET @OLD_CHARACTER_SET_CLIENT=@@CHARACTER_SET_CLIENT */;
/*!40101 SET @OLD_CHARACTER_SET_RESULTS=@@CHARACTER_SET_RESULTS */;
/*!40101 SET @OLD_COLLATION_CONNECTION=@@COLLATION_CONNECTION */;
/*!40101 SET NAMES utf8 */;
/*!40014 SET @OLD_FOREIGN_KEY_CHECKS=@@FOREIGN_KEY_CHECKS, FOREIGN_KEY_CHECKS=0 */;
/*!40101 SET @OLD_SQL_MODE=@@SQL_MODE, SQL_MODE='NO_AUTO_VALUE_ON_ZERO' */;
/*!40111 SET @OLD_SQL_NOTES=@@SQL_NOTES, SQL_NOTES=0 */;


# Dump of table airtel_stock
# ------------------------------------------------------------

DROP TABLE IF EXISTS `airtel_stock`;

CREATE TABLE `airtel_stock` (
  `Hours` int(11) DEFAULT NULL,
  `Minutes` int(11) DEFAULT NULL,
  `Symbol` text,
  `ISIN_NO` text,
  `last_traded_price` double DEFAULT NULL
) ENGINE=InnoDB DEFAULT CHARSET=utf8;

LOCK TABLES `airtel_stock` WRITE;
/*!40000 ALTER TABLE `airtel_stock` DISABLE KEYS */;

INSERT INTO `airtel_stock` (`Hours`, `Minutes`, `Symbol`, `ISIN_NO`, `last_traded_price`)
VALUES
	(9,15,'MARUTI','INE585B01010',9398.55),
	(9,18,'MARUTI','INE585B01010',9400.2),
	(9,21,'MARUTI','INE585B01010',9401.85),
	(9,24,'MARUTI','INE585B01010',9403.5),
	(9,27,'MARUTI','INE585B01010',9405.15),
	(9,30,'MARUTI','INE585B01010',9406.2),
	(9,33,'MARUTI','INE585B01010',9407.25),
	(9,36,'MARUTI','INE585B01010',9408.3),
	(9,39,'MARUTI','INE585B01010',9409.35),
	(9,42,'MARUTI','INE585B01010',9410.4),
	(9,45,'MARUTI','INE585B01010',9411.45),
	(9,48,'MARUTI','INE585B01010',9412.5),
	(9,51,'MARUTI','INE585B01010',9413.55),
	(9,54,'MARUTI','INE585B01010',9414.6),
	(9,57,'MARUTI','INE585B01010',9415.65),
	(10,0,'MARUTI','INE585B01010',9416.7),
	(10,3,'MARUTI','INE585B01010',9414.75),
	(10,7,'MARUTI','INE585B01010',9412.8),
	(10,11,'MARUTI','INE585B01010',9410.85),
	(10,15,'MARUTI','INE585B01010',9408.9),
	(10,19,'MARUTI','INE585B01010',9406.95),
	(10,23,'MARUTI','INE585B01010',9405),
	(10,27,'MARUTI','INE585B01010',9403.05),
	(10,31,'MARUTI','INE585B01010',9401.1),
	(10,35,'MARUTI','INE585B01010',9399.15),
	(10,39,'MARUTI','INE585B01010',9397.2),
	(10,43,'MARUTI','INE585B01010',9395.25),
	(10,47,'MARUTI','INE585B01010',9393.3),
	(10,51,'MARUTI','INE585B01010',9391.35),
	(10,55,'MARUTI','INE585B01010',9389.4),
	(11,0,'MARUTI','INE585B01010',9387.45),
	(11,3,'MARUTI','INE585B01010',9385.5),
	(11,6,'MARUTI','INE585B01010',9383.55),
	(11,9,'MARUTI','INE585B01010',9381.2),
	(11,12,'MARUTI','INE585B01010',9378.85),
	(11,15,'MARUTI','INE585B01010',9376.5),
	(11,18,'MARUTI','INE585B01010',9374.15),
	(11,21,'MARUTI','INE585B01010',9371.8),
	(11,24,'MARUTI','INE585B01010',9369.45),
	(11,27,'MARUTI','INE585B01010',9367.1),
	(11,30,'MARUTI','INE585B01010',9364.75),
	(11,33,'MARUTI','INE585B01010',9362.4),
	(11,36,'MARUTI','INE585B01010',9360.05),
	(11,39,'MARUTI','INE585B01010',9361.1),
	(11,42,'MARUTI','INE585B01010',9362.15),
	(11,45,'MARUTI','INE585B01010',9363.2),
	(12,0,'MARUTI','INE585B01010',9364.25),
	(12,3,'MARUTI','INE585B01010',9365.3),
	(12,6,'MARUTI','INE585B01010',9366.35),
	(12,9,'MARUTI','INE585B01010',9367.4),
	(12,12,'MARUTI','INE585B01010',9364.55),
	(12,15,'MARUTI','INE585B01010',9361.7),
	(12,18,'MARUTI','INE585B01010',9358.85),
	(12,21,'MARUTI','INE585B01010',9356),
	(12,24,'MARUTI','INE585B01010',9353.15),
	(12,27,'MARUTI','INE585B01010',9350.3),
	(12,30,'MARUTI','INE585B01010',9347.45),
	(12,33,'MARUTI','INE585B01010',9344.6),
	(12,36,'MARUTI','INE585B01010',9341.75),
	(12,39,'MARUTI','INE585B01010',9338.9),
	(12,42,'MARUTI','INE585B01010',9336.05),
	(12,45,'MARUTI','INE585B01010',9333.2),
	(12,48,'MARUTI','INE585B01010',9330.35),
	(12,51,'MARUTI','INE585B01010',9327.5),
	(12,54,'MARUTI','INE585B01010',9324.65),
	(12,57,'MARUTI','INE585B01010',9321.8),
	(1,0,'MARUTI','INE585B01010',9318.95),
	(1,4,'MARUTI','INE585B01010',9316.1),
	(1,8,'MARUTI','INE585B01010',9313.25),
	(1,12,'MARUTI','INE585B01010',9310.4),
	(1,16,'MARUTI','INE585B01010',9307.55),
	(1,20,'MARUTI','INE585B01010',9304.7),
	(1,24,'MARUTI','INE585B01010',9301.85),
	(1,28,'MARUTI','INE585B01010',9299),
	(1,32,'MARUTI','INE585B01010',9296.15),
	(1,36,'MARUTI','INE585B01010',9293.3),
	(1,40,'MARUTI','INE585B01010',9290.45),
	(1,44,'MARUTI','INE585B01010',9287.6),
	(1,48,'MARUTI','INE585B01010',9284.75),
	(1,52,'MARUTI','INE585B01010',9281.9),
	(1,56,'MARUTI','INE585B01010',9279.05),
	(2,0,'MARUTI','INE585B01010',9276.2),
	(2,3,'MARUTI','INE585B01010',9277.05),
	(2,6,'MARUTI','INE585B01010',9277.9),
	(2,9,'MARUTI','INE585B01010',9278.75),
	(2,12,'MARUTI','INE585B01010',9279.6),
	(2,15,'MARUTI','INE585B01010',9280.45),
	(2,18,'MARUTI','INE585B01010',9281.3),
	(2,21,'MARUTI','INE585B01010',9282.15),
	(2,24,'MARUTI','INE585B01010',9283),
	(2,27,'MARUTI','INE585B01010',9283.85),
	(2,30,'MARUTI','INE585B01010',9284.7),
	(2,33,'MARUTI','INE585B01010',9285.55),
	(2,36,'MARUTI','INE585B01010',9286.4),
	(2,39,'MARUTI','INE585B01010',9287.25),
	(2,42,'MARUTI','INE585B01010',9286.8),
	(2,45,'MARUTI','INE585B01010',9286.35),
	(2,48,'MARUTI','INE585B01010',9285.9),
	(2,51,'MARUTI','INE585B01010',9285.45),
	(2,54,'MARUTI','INE585B01010',9285),
	(2,57,'MARUTI','INE585B01010',9284.55),
	(3,0,'MARUTI','INE585B01010',9284.1),
	(3,3,'MARUTI','INE585B01010',9283.65),
	(3,6,'MARUTI','INE585B01010',9283.2),
	(3,9,'MARUTI','INE585B01010',9282.75),
	(3,12,'MARUTI','INE585B01010',9282.3),
	(3,15,'MARUTI','INE585B01010',9281.85),
	(3,18,'MARUTI','INE585B01010',9281.4),
	(3,21,'MARUTI','INE585B01010',9280.95),
	(3,24,'MARUTI','INE585B01010',9280.5),
	(3,27,'MARUTI','INE585B01010',9280.05),
	(3,30,'MARUTI','INE585B01010',9279.6);

/*!40000 ALTER TABLE `airtel_stock` ENABLE KEYS */;
UNLOCK TABLES;


# Dump of table broker_trading_limits
# ------------------------------------------------------------

DROP TABLE IF EXISTS `broker_trading_limits`;

CREATE TABLE `broker_trading_limits` (
  `EMP ID` text,
  `NAME OF EMPLOYEE` text,
  `DESK` text,
  `DESIGNATION` text,
  ` SECTOR LIMIT (Rs)` text,
  `OVERALL LIMIT (Rs)` text,
  `SECTOR 1` text,
  `SECTOR 2` text,
  `PASSWORD` text
) ENGINE=InnoDB DEFAULT CHARSET=utf8;

LOCK TABLES `broker_trading_limits` WRITE;
/*!40000 ALTER TABLE `broker_trading_limits` DISABLE KEYS */;

INSERT INTO `broker_trading_limits` (`EMP ID`, `NAME OF EMPLOYEE`, `DESK`, `DESIGNATION`, ` SECTOR LIMIT (Rs)`, `OVERALL LIMIT (Rs)`, `SECTOR 1`, `SECTOR 2`, `PASSWORD`)
VALUES
	('DBBRO1','Saina N','Equity','Head of Trading',' 11,000,000.00 ',' 22,500,000.00 ','FMCG','AUTO','ABCD1234'),
	('DBBRO2','Hima D','Equity','VP-EQUITIES TRADING',' 6,000,000.00 ',' 12,500,000.00 ','AUTO','BANKING','EFGH5678'),
	('DBBRO3','Sandeep K','Equity','AVP-EQUITIES TRADING',' 3,000,000.00 ',' 5,000,000.00 ','TELECOM','IT','IJKL9012'),
	('DBBRO4','Sindhu P V','Equity','AVP-EQUITIES TRADING',' 3,000,000.00 ',' 5,000,000.00 ','AUTO','PHARMA','MNOP3456'),
	('DBBRO5','Virat K','Equity','MANAGER',' 2,200,000.00 ',' 4,000,000.00 ','PHARMA','BANKING','QRST7890'),
	('DBBRO6','Mahendra','Equity','MANAGER',' 2,200,000.00 ',' 4,000,000.00 ','IT','TELECOM','UVWX1234'),
	('DBBRO7','Sakshi Malik','Equity','MANAGER',' 2,200,000.00 ',' 4,000,000.00 ','BANKING','AUTO','YZAB5678'),
	('DBBRO8','Deepa KARMAKAR','Equity','MANAGER',' 2,200,000.00 ',' 4,000,000.00 ','FMCG','IT','CDEF9012');

/*!40000 ALTER TABLE `broker_trading_limits` ENABLE KEYS */;
UNLOCK TABLES;


# Dump of table cipla_stock
# ------------------------------------------------------------

DROP TABLE IF EXISTS `cipla_stock`;

CREATE TABLE `cipla_stock` (
  `Hours` int(11) DEFAULT NULL,
  `Minutes` int(11) DEFAULT NULL,
  `Symbol` text,
  `ISIN_NO` text,
  `last_traded_price` double DEFAULT NULL
) ENGINE=InnoDB DEFAULT CHARSET=utf8;

LOCK TABLES `cipla_stock` WRITE;
/*!40000 ALTER TABLE `cipla_stock` DISABLE KEYS */;

INSERT INTO `cipla_stock` (`Hours`, `Minutes`, `Symbol`, `ISIN_NO`, `last_traded_price`)
VALUES
	(9,15,'CIPLA','INE059A01026',625.65),
	(9,18,'CIPLA','INE059A01026',625.8),
	(9,21,'CIPLA','INE059A01026',625.95),
	(9,24,'CIPLA','INE059A01026',626.1),
	(9,27,'CIPLA','INE059A01026',626.25),
	(9,30,'CIPLA','INE059A01026',626.4),
	(9,33,'CIPLA','INE059A01026',626.55),
	(9,36,'CIPLA','INE059A01026',626.7),
	(9,39,'CIPLA','INE059A01026',626.85),
	(9,42,'CIPLA','INE059A01026',627),
	(9,45,'CIPLA','INE059A01026',627.15),
	(9,48,'CIPLA','INE059A01026',627.3),
	(9,51,'CIPLA','INE059A01026',627.45),
	(9,54,'CIPLA','INE059A01026',627.6),
	(9,57,'CIPLA','INE059A01026',627.75),
	(10,0,'CIPLA','INE059A01026',627.9),
	(10,3,'CIPLA','INE059A01026',628.05),
	(10,7,'CIPLA','INE059A01026',628.2),
	(10,11,'CIPLA','INE059A01026',628.35),
	(10,15,'CIPLA','INE059A01026',628),
	(10,19,'CIPLA','INE059A01026',627.65),
	(10,23,'CIPLA','INE059A01026',627.3),
	(10,27,'CIPLA','INE059A01026',626.95),
	(10,31,'CIPLA','INE059A01026',626.6),
	(10,35,'CIPLA','INE059A01026',626.25),
	(10,39,'CIPLA','INE059A01026',625.9),
	(10,43,'CIPLA','INE059A01026',625.55),
	(10,47,'CIPLA','INE059A01026',625.2),
	(10,51,'CIPLA','INE059A01026',625.25),
	(10,55,'CIPLA','INE059A01026',625.3),
	(11,0,'CIPLA','INE059A01026',625.35),
	(11,3,'CIPLA','INE059A01026',625.4),
	(11,6,'CIPLA','INE059A01026',625.45),
	(11,9,'CIPLA','INE059A01026',625.5),
	(11,12,'CIPLA','INE059A01026',625.55),
	(11,15,'CIPLA','INE059A01026',625.6),
	(11,18,'CIPLA','INE059A01026',625.65),
	(11,21,'CIPLA','INE059A01026',625.1),
	(11,24,'CIPLA','INE059A01026',624.55),
	(11,27,'CIPLA','INE059A01026',624),
	(11,30,'CIPLA','INE059A01026',623.45),
	(11,33,'CIPLA','INE059A01026',622.9),
	(11,36,'CIPLA','INE059A01026',622.35),
	(11,39,'CIPLA','INE059A01026',621.8),
	(11,42,'CIPLA','INE059A01026',621.25),
	(11,45,'CIPLA','INE059A01026',620.7),
	(12,0,'CIPLA','INE059A01026',620.85),
	(12,3,'CIPLA','INE059A01026',621),
	(12,6,'CIPLA','INE059A01026',621.15),
	(12,9,'CIPLA','INE059A01026',621.3),
	(12,12,'CIPLA','INE059A01026',621.45),
	(12,15,'CIPLA','INE059A01026',621.6),
	(12,18,'CIPLA','INE059A01026',621.75),
	(12,21,'CIPLA','INE059A01026',621.4),
	(12,24,'CIPLA','INE059A01026',621.05),
	(12,27,'CIPLA','INE059A01026',620.7),
	(12,30,'CIPLA','INE059A01026',620.35),
	(12,33,'CIPLA','INE059A01026',620),
	(12,36,'CIPLA','INE059A01026',619.65),
	(12,39,'CIPLA','INE059A01026',619.3),
	(12,42,'CIPLA','INE059A01026',618.95),
	(12,45,'CIPLA','INE059A01026',618.6),
	(12,48,'CIPLA','INE059A01026',618.25),
	(12,51,'CIPLA','INE059A01026',617.9),
	(12,54,'CIPLA','INE059A01026',617.55),
	(12,57,'CIPLA','INE059A01026',617.2),
	(1,0,'CIPLA','INE059A01026',616.85),
	(1,4,'CIPLA','INE059A01026',616.5),
	(1,8,'CIPLA','INE059A01026',616.15),
	(1,12,'CIPLA','INE059A01026',615.8),
	(1,16,'CIPLA','INE059A01026',615.45),
	(1,20,'CIPLA','INE059A01026',615.7),
	(1,24,'CIPLA','INE059A01026',615.95),
	(1,28,'CIPLA','INE059A01026',616.2),
	(1,32,'CIPLA','INE059A01026',616.45),
	(1,36,'CIPLA','INE059A01026',616.7),
	(1,40,'CIPLA','INE059A01026',616.95),
	(1,44,'CIPLA','INE059A01026',617.2),
	(1,48,'CIPLA','INE059A01026',617.45),
	(1,52,'CIPLA','INE059A01026',617.7),
	(1,56,'CIPLA','INE059A01026',617.45),
	(2,0,'CIPLA','INE059A01026',617.2),
	(2,3,'CIPLA','INE059A01026',616.95),
	(2,6,'CIPLA','INE059A01026',616.7),
	(2,9,'CIPLA','INE059A01026',616.45),
	(2,12,'CIPLA','INE059A01026',616.2),
	(2,15,'CIPLA','INE059A01026',615.95),
	(2,18,'CIPLA','INE059A01026',615.7),
	(2,21,'CIPLA','INE059A01026',615.45),
	(2,24,'CIPLA','INE059A01026',615.2),
	(2,27,'CIPLA','INE059A01026',614.95),
	(2,30,'CIPLA','INE059A01026',614.7),
	(2,33,'CIPLA','INE059A01026',614.45),
	(2,36,'CIPLA','INE059A01026',614.2),
	(2,39,'CIPLA','INE059A01026',613.95),
	(2,42,'CIPLA','INE059A01026',613.7),
	(2,45,'CIPLA','INE059A01026',613.45),
	(2,48,'CIPLA','INE059A01026',613.2),
	(2,51,'CIPLA','INE059A01026',612.95),
	(2,54,'CIPLA','INE059A01026',612.6),
	(2,57,'CIPLA','INE059A01026',612.25),
	(3,0,'CIPLA','INE059A01026',611.9),
	(3,3,'CIPLA','INE059A01026',611.55),
	(3,6,'CIPLA','INE059A01026',611.8),
	(3,9,'CIPLA','INE059A01026',612.05),
	(3,12,'CIPLA','INE059A01026',612.3),
	(3,15,'CIPLA','INE059A01026',612.55),
	(3,18,'CIPLA','INE059A01026',612.8),
	(3,21,'CIPLA','INE059A01026',613.05),
	(3,24,'CIPLA','INE059A01026',613.3),
	(3,27,'CIPLA','INE059A01026',613.55),
	(3,30,'CIPLA','INE059A01026',613.8);

/*!40000 ALTER TABLE `cipla_stock` ENABLE KEYS */;
UNLOCK TABLES;


# Dump of table eichermot_stock
# ------------------------------------------------------------

DROP TABLE IF EXISTS `eichermot_stock`;

CREATE TABLE `eichermot_stock` (
  `Hours` int(11) DEFAULT NULL,
  `Minutes` int(11) DEFAULT NULL,
  `Symbol` text,
  `ISIN_NO` text,
  `last_traded_price` double DEFAULT NULL
) ENGINE=InnoDB DEFAULT CHARSET=utf8;

LOCK TABLES `eichermot_stock` WRITE;
/*!40000 ALTER TABLE `eichermot_stock` DISABLE KEYS */;

INSERT INTO `eichermot_stock` (`Hours`, `Minutes`, `Symbol`, `ISIN_NO`, `last_traded_price`)
VALUES
	(9,15,'EICHERMOT','INE066A01013',26761.35),
	(9,18,'EICHERMOT','INE066A01013',26766),
	(9,21,'EICHERMOT','INE066A01013',26770.65),
	(9,24,'EICHERMOT','INE066A01013',26775.3),
	(9,27,'EICHERMOT','INE066A01013',26779.95),
	(9,30,'EICHERMOT','INE066A01013',26784.6),
	(9,33,'EICHERMOT','INE066A01013',26789.25),
	(9,36,'EICHERMOT','INE066A01013',26793.9),
	(9,39,'EICHERMOT','INE066A01013',26798.55),
	(9,42,'EICHERMOT','INE066A01013',26803.2),
	(9,45,'EICHERMOT','INE066A01013',26807.85),
	(9,48,'EICHERMOT','INE066A01013',26812.5),
	(9,51,'EICHERMOT','INE066A01013',26817.15),
	(9,54,'EICHERMOT','INE066A01013',26821.8),
	(9,57,'EICHERMOT','INE066A01013',26833.65),
	(10,0,'EICHERMOT','INE066A01013',26841.5),
	(10,3,'EICHERMOT','INE066A01013',26849.35),
	(10,7,'EICHERMOT','INE066A01013',26857.2),
	(10,11,'EICHERMOT','INE066A01013',26865.05),
	(10,15,'EICHERMOT','INE066A01013',26872.9),
	(10,19,'EICHERMOT','INE066A01013',26880.75),
	(10,23,'EICHERMOT','INE066A01013',26888.6),
	(10,27,'EICHERMOT','INE066A01013',26896.45),
	(10,31,'EICHERMOT','INE066A01013',26904.3),
	(10,35,'EICHERMOT','INE066A01013',26912.15),
	(10,39,'EICHERMOT','INE066A01013',26924),
	(10,43,'EICHERMOT','INE066A01013',26935.85),
	(10,47,'EICHERMOT','INE066A01013',26947.7),
	(10,51,'EICHERMOT','INE066A01013',26959.55),
	(10,55,'EICHERMOT','INE066A01013',26971.4),
	(11,0,'EICHERMOT','INE066A01013',26983.25),
	(11,3,'EICHERMOT','INE066A01013',26995.1),
	(11,6,'EICHERMOT','INE066A01013',27006.95),
	(11,9,'EICHERMOT','INE066A01013',27018.8),
	(11,12,'EICHERMOT','INE066A01013',27011.95),
	(11,15,'EICHERMOT','INE066A01013',27005.1),
	(11,18,'EICHERMOT','INE066A01013',26995.25),
	(11,21,'EICHERMOT','INE066A01013',26985.4),
	(11,24,'EICHERMOT','INE066A01013',26980.55),
	(11,27,'EICHERMOT','INE066A01013',26975.7),
	(11,30,'EICHERMOT','INE066A01013',26970.85),
	(11,33,'EICHERMOT','INE066A01013',26966),
	(11,36,'EICHERMOT','INE066A01013',26961.15),
	(11,39,'EICHERMOT','INE066A01013',26956.3),
	(11,42,'EICHERMOT','INE066A01013',26951.45),
	(11,45,'EICHERMOT','INE066A01013',26946.6),
	(12,0,'EICHERMOT','INE066A01013',26941.75),
	(12,3,'EICHERMOT','INE066A01013',26936.9),
	(12,6,'EICHERMOT','INE066A01013',26927.05),
	(12,9,'EICHERMOT','INE066A01013',26936.2),
	(12,12,'EICHERMOT','INE066A01013',26945.35),
	(12,15,'EICHERMOT','INE066A01013',26954.5),
	(12,18,'EICHERMOT','INE066A01013',26963.65),
	(12,21,'EICHERMOT','INE066A01013',26972.8),
	(12,24,'EICHERMOT','INE066A01013',26981.95),
	(12,27,'EICHERMOT','INE066A01013',26991.1),
	(12,30,'EICHERMOT','INE066A01013',27000.25),
	(12,33,'EICHERMOT','INE066A01013',27009.4),
	(12,36,'EICHERMOT','INE066A01013',27006.25),
	(12,39,'EICHERMOT','INE066A01013',27003.1),
	(12,42,'EICHERMOT','INE066A01013',26999.95),
	(12,45,'EICHERMOT','INE066A01013',26996.8),
	(12,48,'EICHERMOT','INE066A01013',26993.65),
	(12,51,'EICHERMOT','INE066A01013',26990.5),
	(12,54,'EICHERMOT','INE066A01013',26987.35),
	(12,57,'EICHERMOT','INE066A01013',26984.2),
	(1,0,'EICHERMOT','INE066A01013',26981.05),
	(1,4,'EICHERMOT','INE066A01013',26977.9),
	(1,8,'EICHERMOT','INE066A01013',26974.75),
	(1,12,'EICHERMOT','INE066A01013',26971.6),
	(1,16,'EICHERMOT','INE066A01013',26968.45),
	(1,20,'EICHERMOT','INE066A01013',26965.3),
	(1,24,'EICHERMOT','INE066A01013',26962.15),
	(1,28,'EICHERMOT','INE066A01013',26953.7),
	(1,32,'EICHERMOT','INE066A01013',26945.25),
	(1,36,'EICHERMOT','INE066A01013',26936.8),
	(1,40,'EICHERMOT','INE066A01013',26928.35),
	(1,44,'EICHERMOT','INE066A01013',26919.9),
	(1,48,'EICHERMOT','INE066A01013',26911.45),
	(1,52,'EICHERMOT','INE066A01013',26903),
	(1,56,'EICHERMOT','INE066A01013',26894.55),
	(2,0,'EICHERMOT','INE066A01013',26886.1),
	(2,3,'EICHERMOT','INE066A01013',26877.65),
	(2,6,'EICHERMOT','INE066A01013',26869.2),
	(2,9,'EICHERMOT','INE066A01013',26860.75),
	(2,12,'EICHERMOT','INE066A01013',26852.3),
	(2,15,'EICHERMOT','INE066A01013',26843.85),
	(2,18,'EICHERMOT','INE066A01013',26845.9),
	(2,21,'EICHERMOT','INE066A01013',26847.95),
	(2,24,'EICHERMOT','INE066A01013',26850),
	(2,27,'EICHERMOT','INE066A01013',26852.05),
	(2,30,'EICHERMOT','INE066A01013',26854.1),
	(2,33,'EICHERMOT','INE066A01013',26856.15),
	(2,36,'EICHERMOT','INE066A01013',26858.2),
	(2,39,'EICHERMOT','INE066A01013',26865.55),
	(2,42,'EICHERMOT','INE066A01013',26872.9),
	(2,45,'EICHERMOT','INE066A01013',26880.25),
	(2,48,'EICHERMOT','INE066A01013',26887.6),
	(2,51,'EICHERMOT','INE066A01013',26889.95),
	(2,54,'EICHERMOT','INE066A01013',26892.3),
	(2,57,'EICHERMOT','INE066A01013',26894.65),
	(3,0,'EICHERMOT','INE066A01013',26897),
	(3,3,'EICHERMOT','INE066A01013',26899.35),
	(3,6,'EICHERMOT','INE066A01013',26901.7),
	(3,9,'EICHERMOT','INE066A01013',26904.05),
	(3,12,'EICHERMOT','INE066A01013',26906.4),
	(3,15,'EICHERMOT','INE066A01013',26908.75),
	(3,18,'EICHERMOT','INE066A01013',26911.1),
	(3,21,'EICHERMOT','INE066A01013',26913.45),
	(3,24,'EICHERMOT','INE066A01013',26915.8),
	(3,27,'EICHERMOT','INE066A01013',26918.15),
	(3,30,'EICHERMOT','INE066A01013',26920.5);

/*!40000 ALTER TABLE `eichermot_stock` ENABLE KEYS */;
UNLOCK TABLES;


# Dump of table hdfc_stock
# ------------------------------------------------------------

DROP TABLE IF EXISTS `hdfc_stock`;

CREATE TABLE `hdfc_stock` (
  `Hours` int(11) DEFAULT NULL,
  `Minutes` int(11) DEFAULT NULL,
  `Symbol` text,
  `ISIN_NO` text,
  `last_traded_price` double DEFAULT NULL
) ENGINE=InnoDB DEFAULT CHARSET=utf8;

LOCK TABLES `hdfc_stock` WRITE;
/*!40000 ALTER TABLE `hdfc_stock` DISABLE KEYS */;

INSERT INTO `hdfc_stock` (`Hours`, `Minutes`, `Symbol`, `ISIN_NO`, `last_traded_price`)
VALUES
	(9,15,'HDFCBANK','INE040A01026',2185.55),
	(9,19,'HDFCBANK','INE040A01026',2186.2),
	(9,23,'HDFCBANK','INE040A01026',2186.85),
	(9,27,'HDFCBANK','INE040A01026',2187.5),
	(9,31,'HDFCBANK','INE040A01026',2188.15),
	(9,35,'HDFCBANK','INE040A01026',2188.8),
	(9,39,'HDFCBANK','INE040A01026',2189.45),
	(9,43,'HDFCBANK','INE040A01026',2190.1),
	(9,47,'HDFCBANK','INE040A01026',2190.75),
	(9,51,'HDFCBANK','INE040A01026',2191.4),
	(9,55,'HDFCBANK','INE040A01026',2192.05),
	(9,59,'HDFCBANK','INE040A01026',2192.7),
	(10,0,'HDFCBANK','INE040A01026',2193.35),
	(10,4,'HDFCBANK','INE040A01026',2194),
	(10,8,'HDFCBANK','INE040A01026',2194.65),
	(10,12,'HDFCBANK','INE040A01026',2194.4),
	(10,16,'HDFCBANK','INE040A01026',2194.15),
	(10,20,'HDFCBANK','INE040A01026',2193.9),
	(10,24,'HDFCBANK','INE040A01026',2193.65),
	(10,28,'HDFCBANK','INE040A01026',2193.4),
	(10,32,'HDFCBANK','INE040A01026',2193.15),
	(10,36,'HDFCBANK','INE040A01026',2192.9),
	(10,40,'HDFCBANK','INE040A01026',2192.65),
	(10,44,'HDFCBANK','INE040A01026',2192.4),
	(10,48,'HDFCBANK','INE040A01026',2192.15),
	(10,52,'HDFCBANK','INE040A01026',2191.9),
	(10,56,'HDFCBANK','INE040A01026',2191.65),
	(11,0,'HDFCBANK','INE040A01026',2191.4),
	(11,4,'HDFCBANK','INE040A01026',2191.15),
	(11,8,'HDFCBANK','INE040A01026',2192),
	(11,12,'HDFCBANK','INE040A01026',2192.85),
	(11,16,'HDFCBANK','INE040A01026',2193.7),
	(11,20,'HDFCBANK','INE040A01026',2194.55),
	(11,24,'HDFCBANK','INE040A01026',2195.4),
	(11,28,'HDFCBANK','INE040A01026',2196.25),
	(11,32,'HDFCBANK','INE040A01026',2197.1),
	(11,36,'HDFCBANK','INE040A01026',2198.95),
	(11,40,'HDFCBANK','INE040A01026',2200.8),
	(11,44,'HDFCBANK','INE040A01026',2202.65),
	(11,48,'HDFCBANK','INE040A01026',2204.5),
	(11,52,'HDFCBANK','INE040A01026',2206.35),
	(11,56,'HDFCBANK','INE040A01026',2208.2),
	(12,0,'HDFCBANK','INE040A01026',2210.05),
	(12,4,'HDFCBANK','INE040A01026',2211.9),
	(12,8,'HDFCBANK','INE040A01026',2213.75),
	(12,12,'HDFCBANK','INE040A01026',2215.6),
	(12,16,'HDFCBANK','INE040A01026',2217.45),
	(12,20,'HDFCBANK','INE040A01026',2219.3),
	(12,24,'HDFCBANK','INE040A01026',2220.15),
	(12,28,'HDFCBANK','INE040A01026',2221),
	(12,32,'HDFCBANK','INE040A01026',2221.85),
	(12,36,'HDFCBANK','INE040A01026',2222.7),
	(12,40,'HDFCBANK','INE040A01026',2223.55),
	(12,44,'HDFCBANK','INE040A01026',2223.15),
	(12,48,'HDFCBANK','INE040A01026',2223.25),
	(12,52,'HDFCBANK','INE040A01026',2223.35),
	(12,56,'HDFCBANK','INE040A01026',2223.45),
	(1,0,'HDFCBANK','INE040A01026',2223.55),
	(1,4,'HDFCBANK','INE040A01026',2223.65),
	(1,8,'HDFCBANK','INE040A01026',2223.75),
	(1,12,'HDFCBANK','INE040A01026',2223.85),
	(1,16,'HDFCBANK','INE040A01026',2223.95),
	(1,20,'HDFCBANK','INE040A01026',2224.05),
	(1,24,'HDFCBANK','INE040A01026',2224.15),
	(1,28,'HDFCBANK','INE040A01026',2224.25),
	(1,32,'HDFCBANK','INE040A01026',2224.35),
	(1,36,'HDFCBANK','INE040A01026',2224.45),
	(1,40,'HDFCBANK','INE040A01026',2224.55),
	(1,44,'HDFCBANK','INE040A01026',2224.35),
	(1,48,'HDFCBANK','INE040A01026',2224.15),
	(1,52,'HDFCBANK','INE040A01026',2223.95),
	(1,56,'HDFCBANK','INE040A01026',2224.15),
	(2,0,'HDFCBANK','INE040A01026',2224.35),
	(2,4,'HDFCBANK','INE040A01026',2224.55),
	(2,8,'HDFCBANK','INE040A01026',2224.75),
	(2,12,'HDFCBANK','INE040A01026',2224.95),
	(2,16,'HDFCBANK','INE040A01026',2225.15),
	(2,20,'HDFCBANK','INE040A01026',2225.35),
	(2,24,'HDFCBANK','INE040A01026',2225.55),
	(2,28,'HDFCBANK','INE040A01026',2225.75),
	(2,32,'HDFCBANK','INE040A01026',2225.55),
	(2,36,'HDFCBANK','INE040A01026',2225.35),
	(2,40,'HDFCBANK','INE040A01026',2225.15),
	(2,44,'HDFCBANK','INE040A01026',2223.95),
	(2,48,'HDFCBANK','INE040A01026',2222.75),
	(2,52,'HDFCBANK','INE040A01026',2221.55),
	(2,56,'HDFCBANK','INE040A01026',2220.35),
	(3,0,'HDFCBANK','INE040A01026',2219.15),
	(3,4,'HDFCBANK','INE040A01026',2217.95),
	(3,8,'HDFCBANK','INE040A01026',2216.75),
	(3,12,'HDFCBANK','INE040A01026',2215.55),
	(3,16,'HDFCBANK','INE040A01026',2214.35),
	(3,20,'HDFCBANK','INE040A01026',2213.15),
	(3,24,'HDFCBANK','INE040A01026',2211.95),
	(3,28,'HDFCBANK','INE040A01026',2210.75),
	(3,30,'HDFCBANK','INE040A01026',2209.55);

/*!40000 ALTER TABLE `hdfc_stock` ENABLE KEYS */;
UNLOCK TABLES;


# Dump of table maruti_stock
# ------------------------------------------------------------

DROP TABLE IF EXISTS `maruti_stock`;

CREATE TABLE `maruti_stock` (
  `Hours` int(11) DEFAULT NULL,
  `Minutes` int(11) DEFAULT NULL,
  `Symbol` text,
  `ISIN_NO` text,
  `last_traded_price` double DEFAULT NULL
) ENGINE=InnoDB DEFAULT CHARSET=utf8;

LOCK TABLES `maruti_stock` WRITE;
/*!40000 ALTER TABLE `maruti_stock` DISABLE KEYS */;

INSERT INTO `maruti_stock` (`Hours`, `Minutes`, `Symbol`, `ISIN_NO`, `last_traded_price`)
VALUES
	(9,15,'CIPLA','INE059A01026',625.65),
	(9,18,'CIPLA','INE059A01026',625.8),
	(9,21,'CIPLA','INE059A01026',625.95),
	(9,24,'CIPLA','INE059A01026',626.1),
	(9,27,'CIPLA','INE059A01026',626.25),
	(9,30,'CIPLA','INE059A01026',626.4),
	(9,33,'CIPLA','INE059A01026',626.55),
	(9,36,'CIPLA','INE059A01026',626.7),
	(9,39,'CIPLA','INE059A01026',626.85),
	(9,42,'CIPLA','INE059A01026',627),
	(9,45,'CIPLA','INE059A01026',627.15),
	(9,48,'CIPLA','INE059A01026',627.3),
	(9,51,'CIPLA','INE059A01026',627.45),
	(9,54,'CIPLA','INE059A01026',627.6),
	(9,57,'CIPLA','INE059A01026',627.75),
	(10,0,'CIPLA','INE059A01026',627.9),
	(10,3,'CIPLA','INE059A01026',628.05),
	(10,7,'CIPLA','INE059A01026',628.2),
	(10,11,'CIPLA','INE059A01026',628.35),
	(10,15,'CIPLA','INE059A01026',628),
	(10,19,'CIPLA','INE059A01026',627.65),
	(10,23,'CIPLA','INE059A01026',627.3),
	(10,27,'CIPLA','INE059A01026',626.95),
	(10,31,'CIPLA','INE059A01026',626.6),
	(10,35,'CIPLA','INE059A01026',626.25),
	(10,39,'CIPLA','INE059A01026',625.9),
	(10,43,'CIPLA','INE059A01026',625.55),
	(10,47,'CIPLA','INE059A01026',625.2),
	(10,51,'CIPLA','INE059A01026',625.25),
	(10,55,'CIPLA','INE059A01026',625.3),
	(11,0,'CIPLA','INE059A01026',625.35),
	(11,3,'CIPLA','INE059A01026',625.4),
	(11,6,'CIPLA','INE059A01026',625.45),
	(11,9,'CIPLA','INE059A01026',625.5),
	(11,12,'CIPLA','INE059A01026',625.55),
	(11,15,'CIPLA','INE059A01026',625.6),
	(11,18,'CIPLA','INE059A01026',625.65),
	(11,21,'CIPLA','INE059A01026',625.1),
	(11,24,'CIPLA','INE059A01026',624.55),
	(11,27,'CIPLA','INE059A01026',624),
	(11,30,'CIPLA','INE059A01026',623.45),
	(11,33,'CIPLA','INE059A01026',622.9),
	(11,36,'CIPLA','INE059A01026',622.35),
	(11,39,'CIPLA','INE059A01026',621.8),
	(11,42,'CIPLA','INE059A01026',621.25),
	(11,45,'CIPLA','INE059A01026',620.7),
	(12,0,'CIPLA','INE059A01026',620.85),
	(12,3,'CIPLA','INE059A01026',621),
	(12,6,'CIPLA','INE059A01026',621.15),
	(12,9,'CIPLA','INE059A01026',621.3),
	(12,12,'CIPLA','INE059A01026',621.45),
	(12,15,'CIPLA','INE059A01026',621.6),
	(12,18,'CIPLA','INE059A01026',621.75),
	(12,21,'CIPLA','INE059A01026',621.4),
	(12,24,'CIPLA','INE059A01026',621.05),
	(12,27,'CIPLA','INE059A01026',620.7),
	(12,30,'CIPLA','INE059A01026',620.35),
	(12,33,'CIPLA','INE059A01026',620),
	(12,36,'CIPLA','INE059A01026',619.65),
	(12,39,'CIPLA','INE059A01026',619.3),
	(12,42,'CIPLA','INE059A01026',618.95),
	(12,45,'CIPLA','INE059A01026',618.6),
	(12,48,'CIPLA','INE059A01026',618.25),
	(12,51,'CIPLA','INE059A01026',617.9),
	(12,54,'CIPLA','INE059A01026',617.55),
	(12,57,'CIPLA','INE059A01026',617.2),
	(1,0,'CIPLA','INE059A01026',616.85),
	(1,4,'CIPLA','INE059A01026',616.5),
	(1,8,'CIPLA','INE059A01026',616.15),
	(1,12,'CIPLA','INE059A01026',615.8),
	(1,16,'CIPLA','INE059A01026',615.45),
	(1,20,'CIPLA','INE059A01026',615.7),
	(1,24,'CIPLA','INE059A01026',615.95),
	(1,28,'CIPLA','INE059A01026',616.2),
	(1,32,'CIPLA','INE059A01026',616.45),
	(1,36,'CIPLA','INE059A01026',616.7),
	(1,40,'CIPLA','INE059A01026',616.95),
	(1,44,'CIPLA','INE059A01026',617.2),
	(1,48,'CIPLA','INE059A01026',617.45),
	(1,52,'CIPLA','INE059A01026',617.7),
	(1,56,'CIPLA','INE059A01026',617.45),
	(2,0,'CIPLA','INE059A01026',617.2),
	(2,3,'CIPLA','INE059A01026',616.95),
	(2,6,'CIPLA','INE059A01026',616.7),
	(2,9,'CIPLA','INE059A01026',616.45),
	(2,12,'CIPLA','INE059A01026',616.2),
	(2,15,'CIPLA','INE059A01026',615.95),
	(2,18,'CIPLA','INE059A01026',615.7),
	(2,21,'CIPLA','INE059A01026',615.45),
	(2,24,'CIPLA','INE059A01026',615.2),
	(2,27,'CIPLA','INE059A01026',614.95),
	(2,30,'CIPLA','INE059A01026',614.7),
	(2,33,'CIPLA','INE059A01026',614.45),
	(2,36,'CIPLA','INE059A01026',614.2),
	(2,39,'CIPLA','INE059A01026',613.95),
	(2,42,'CIPLA','INE059A01026',613.7),
	(2,45,'CIPLA','INE059A01026',613.45),
	(2,48,'CIPLA','INE059A01026',613.2),
	(2,51,'CIPLA','INE059A01026',612.95),
	(2,54,'CIPLA','INE059A01026',612.6),
	(2,57,'CIPLA','INE059A01026',612.25),
	(3,0,'CIPLA','INE059A01026',611.9),
	(3,3,'CIPLA','INE059A01026',611.55),
	(3,6,'CIPLA','INE059A01026',611.8),
	(3,9,'CIPLA','INE059A01026',612.05),
	(3,12,'CIPLA','INE059A01026',612.3),
	(3,15,'CIPLA','INE059A01026',612.55),
	(3,18,'CIPLA','INE059A01026',612.8),
	(3,21,'CIPLA','INE059A01026',613.05),
	(3,24,'CIPLA','INE059A01026',613.3),
	(3,27,'CIPLA','INE059A01026',613.55),
	(3,30,'CIPLA','INE059A01026',613.8);

/*!40000 ALTER TABLE `maruti_stock` ENABLE KEYS */;
UNLOCK TABLES;


# Dump of table orders
# ------------------------------------------------------------

DROP TABLE IF EXISTS `orders`;

CREATE TABLE `orders` (
  `CLIENT_NAME` text,
  `SECURITY` text,
  `TRADE_DATE` text,
  `TRADE_TIME` text,
  `QUANTITY` int(11) DEFAULT NULL,
  `TRADE_TYPE` text,
  `LIMIT_PRICE` double DEFAULT NULL,
  `DIRECTION` text,
  `VALUE_RS` double DEFAULT NULL,
  `BROKER_ID` text,
  `ISIN_NO` text
) ENGINE=InnoDB DEFAULT CHARSET=utf8;

LOCK TABLES `orders` WRITE;
/*!40000 ALTER TABLE `orders` DISABLE KEYS */;

INSERT INTO `orders` (`CLIENT_NAME`, `SECURITY`, `TRADE_DATE`, `TRADE_TIME`, `QUANTITY`, `TRADE_TYPE`, `LIMIT_PRICE`, `DIRECTION`, `VALUE_RS`, `BROKER_ID`, `ISIN_NO`)
VALUES
	('ANDRES INIESTA','BHARTI AIRTEL LTD','19-Jul','',500,'LIMIT',347.25,'B',173625,'DBBRO3','INE397D01024'),
	('ANDRES INIESTA','BHARTI AIRTEL LTD','19-Jul','',400,'LIMIT',353.75,'S',141500,'DBBRO3','INE397D01025'),
	('CARLOS CASIMIRO','BHARTI AIRTEL LTD','19-Jul','',250,'LIMIT',346.8,'B',86700,'DBBRO3','INE397D01026'),
	('CARLOS CASIMIRO','BHARTI AIRTEL LTD','19-Jul','',350,'LIMIT',354.35,'S',124022.5,'DBBRO3','INE397D01027'),
	('CARLOS CASIMIRO','BHARTI AIRTEL LTD','19-Jul','',465,'LIMIT',346.35,'B',161052.75,'DBBRO3','INE397D01028'),
	('DENIS CHERYSHEV','BHARTI AIRTEL LTD','19-Jul','',475,'LIMIT',345.9,'B',164302.5,'DBBRO3','INE397D01029'),
	('DIEGO COSTA','BHARTI AIRTEL LTD','19-Jul','',825,'LIMIT',345.9,'B',285367.5,'DBBRO3','INE397D01030'),
	('EDINSON CAVANI','BHARTI AIRTEL LTD','19-Jul','',345,'LIMIT',346.15,'S',119421.75,'DBBRO3','INE397D01031'),
	('EDINSON CAVANI','BHARTI AIRTEL LTD','19-Jul','',365,'LIMIT',341.45,'B',124629.25,'DBBRO3','INE397D01032'),
	('GONZALO HIGUAIN','BHARTI AIRTEL LTD','19-Jul','',250,'LIMIT',345.7,'B',86425,'DBBRO3','INE397D01033'),
	('GONZALO HIGUAIN','BHARTI AIRTEL LTD','19-Jul','',100,'LIMIT',345,'B',34500,'DBBRO3','INE397D01034'),
	('HARRY MAGUIRE','BHARTI AIRTEL LTD','19-Jul','',700,'LIMIT',353.25,'B',247275,'DBBRO3','INE397D01035'),
	('IGOR AKINFEEV','BHARTI AIRTEL LTD','19-Jul','',565,'LIMIT',354.55,'S',200320.75,'DBBRO3','INE397D01036'),
	('JESSE LINGARD','BHARTI AIRTEL LTD','19-Jul','',85,'LIMIT',344.8,'B',29308,'DBBRO3','INE397D01037'),
	('JESSE LINGARD','BHARTI AIRTEL LTD','19-Jul','',95,'LIMIT',344.1,'B',32689.5,'DBBRO3','INE397D01038'),
	('KYLIAN MBAPPE','BHARTI AIRTEL LTD','19-Jul','',555,'LIMIT',344.35,'S',191114.25,'DBBRO6','INE397D01039'),
	('KYLIAN MBAPPE','BHARTI AIRTEL LTD','19-Jul','',490,'LIMIT',343.65,'S',168388.5,'DBBRO6','INE397D01040'),
	('KYLIAN MBAPPE','BHARTI AIRTEL LTD','19-Jul','',325,'LIMIT',343.9,'S',111767.5,'DBBRO6','INE397D01041'),
	('LIONEL MESSI','BHARTI AIRTEL LTD','19-Jul','',520,'LIMIT',343.2,'S',178464,'DBBRO6','INE397D01042'),
	('LUIS SUAREZ','BHARTI AIRTEL LTD','19-Jul','',425,'LIMIT',343.45,'B',145966.25,'DBBRO6','INE397D01043'),
	('LUKA MODRIC','BHARTI AIRTEL LTD','19-Jul','',145,'LIMIT',342.75,'B',49698.75,'DBBRO6','INE397D01044'),
	('LUKA MODRIC','BHARTI AIRTEL LTD','19-Jul','',150,'LIMIT',343,'S',51450,'DBBRO6','INE397D01045'),
	('MARCELO VIEIRA','BHARTI AIRTEL LTD','19-Jul','',155,'LIMIT',342.3,'S',53056.5,'DBBRO6','INE397D01046'),
	('MESUT OZIL','BHARTI AIRTEL LTD','19-Jul','',235,'LIMIT',348.55,'B',81909.25,'DBBRO6','INE397D01047'),
	('OLIVIER GIROUD','BHARTI AIRTEL LTD','19-Jul','',355,'LIMIT',349.85,'S',124196.75,'DBBRO6','INE397D01048'),
	('PAUL POGBA','BHARTI AIRTEL LTD','19-Jul','',375,'LIMIT',352.1,'S',132037.5,'DBBRO6','INE397D01049'),
	('SERGIO RAMOS','BHARTI AIRTEL LTD','19-Jul','',820,'LIMIT',351.4,'B',288148,'DBBRO6','INE397D01050'),
	('THOMAS MULLER','BHARTI AIRTEL LTD','19-Jul','',415,'LIMIT',340.65,'B',141369.75,'DBBRO6','INE397D01051'),
	('TONI KROOS','BHARTI AIRTEL LTD','19-Jul','',275,'LIMIT',340.95,'B',93761.25,'DBBRO6','INE397D01052'),
	('ANDRES INIESTA','CIPLA LTD','19-Jul','',95,'LIMIT',625,'B',59375,'DBBRO4','INE059A01026'),
	('ANDRES INIESTA','CIPLA LTD','19-Jul','',555,'LIMIT',624.75,'B',346736.25,'DBBRO4','INE059A01026'),
	('CARLOS CASIMIRO','CIPLA LTD','19-Jul','',490,'LIMIT',624.5,'B',306005,'DBBRO4','INE059A01026'),
	('CARLOS CASIMIRO','CIPLA LTD','19-Jul','',325,'LIMIT',624.25,'B',202881.25,'DBBRO4','INE059A01026'),
	('CHRISTIANO RONALDO','CIPLA LTD','19-Jul','',520,'LIMIT',624,'B',324480,'DBBRO4','INE059A01026'),
	('DIEGO COSTA','CIPLA LTD','19-Jul','',425,'LIMIT',623.75,'S',265093.75,'DBBRO4','INE059A01026'),
	('EDINSON CAVANI','CIPLA LTD','19-Jul','',145,'LIMIT',623.6,'S',90422,'DBBRO4','INE059A01026'),
	('EDINSON CAVANI','CIPLA LTD','19-Jul','',150,'LIMIT',623.45,'B',93517.5,'DBBRO4','INE059A01026'),
	('EDINSON CAVANI','CIPLA LTD','19-Jul','',95,'LIMIT',623.3,'B',59213.5,'DBBRO4','INE059A01026'),
	('GERARD PIQUE','CIPLA LTD','19-Jul','',555,'LIMIT',623.15,'S',345848.25,'DBBRO4','INE059A01026'),
	('HARRY MAGUIRE','CIPLA LTD','19-Jul','',490,'LIMIT',623.8,'S',305662,'DBBRO4','INE059A01026'),
	('IGOR AKINFEEV','CIPLA LTD','19-Jul','',325,'LIMIT',624.45,'S',202946.25,'DBBRO4','INE059A01026'),
	('IGOR AKINFEEV','CIPLA LTD','19-Jul','',520,'LIMIT',625.1,'B',325052,'DBBRO4','INE059A01026'),
	('JESSE LINGARD','CIPLA LTD','19-Jul','',425,'LIMIT',625.75,'S',265943.75,'DBBRO4','INE059A01026'),
	('JESSE LINGARD','CIPLA LTD','19-Jul','',145,'LIMIT',626.4,'B',90828,'DBBRO4','INE059A01026'),
	('KYLIAN MBAPPE','CIPLA LTD','19-Jul','',150,'LIMIT',627.05,'S',94057.5,'DBBRO4','INE059A01026'),
	('KYLIAN MBAPPE','CIPLA LTD','19-Jul','',155,'LIMIT',627.7,'B',97293.5,'DBBRO4','INE059A01026'),
	('LIONEL MESSI','CIPLA LTD','19-Jul','',95,'LIMIT',628.35,'B',59693.25,'DBBRO5','INE059A01026'),
	('LIONEL MESSI','CIPLA LTD','19-Jul','',555,'LIMIT',629,'B',349095,'DBBRO5','INE059A01026'),
	('LIONEL MESSI','CIPLA LTD','19-Jul','',490,'LIMIT',629.65,'S',308528.5,'DBBRO5','INE059A01026'),
	('LIONEL MESSI','CIPLA LTD','19-Jul','',325,'LIMIT',629.2,'S',204490,'DBBRO5','INE059A01026'),
	('LUIS SUAREZ','CIPLA LTD','19-Jul','',520,'LIMIT',628.75,'S',326950,'DBBRO5','INE059A01026'),
	('LUKA MODRIC','CIPLA LTD','19-Jul','',425,'LIMIT',628.3,'S',267027.5,'DBBRO5','INE059A01026'),
	('LUKA MODRIC','CIPLA LTD','19-Jul','',145,'LIMIT',627.85,'B',91038.25,'DBBRO5','INE059A01026'),
	('MARCELO VIEIRA','CIPLA LTD','19-Jul','',150,'LIMIT',627.4,'B',94110,'DBBRO5','INE059A01026'),
	('MESUT OZIL','CIPLA LTD','19-Jul','',155,'LIMIT',626.95,'B',97177.25,'DBBRO5','INE059A01026'),
	('MESUT OZIL','CIPLA LTD','19-Jul','',235,'LIMIT',626.5,'B',147227.5,'DBBRO5','INE059A01026'),
	('OLIVIER GIROUD','CIPLA LTD','19-Jul','',355,'LIMIT',626.05,'S',222247.75,'DBBRO5','INE059A01026'),
	('OLIVIER GIROUD','CIPLA LTD','19-Jul','',375,'LIMIT',625.6,'S',234600,'DBBRO5','INE059A01026'),
	('PAUL POGBA','CIPLA LTD','19-Jul','',325,'LIMIT',625.15,'S',203173.75,'DBBRO5','INE059A01026'),
	('SERGIO RAMOS','CIPLA LTD','19-Jul','',520,'LIMIT',624.7,'S',324844,'DBBRO5','INE059A01026'),
	('THOMAS MULLER','CIPLA LTD','19-Jul','',425,'LIMIT',624.25,'S',265306.25,'DBBRO5','INE059A01026'),
	('ANDRES INIESTA','EICHER MOTORS LTD','19-Jul','',50,'LIMIT',26801,'B',1340050,'DBBRO1','INE066A01013'),
	('ANTOINE GRIEZMANN','EICHER MOTORS LTD','19-Jul','',25,'LIMIT',26802.75,'S',670068.75,'DBBRO1','INE066A01013'),
	('CARLOS CASIMIRO','EICHER MOTORS LTD','19-Jul','',25,'LIMIT',26804.5,'B',670112.5,'DBBRO1','INE066A01013'),
	('CARLOS CASIMIRO','EICHER MOTORS LTD','19-Jul','',15,'LIMIT',26806.25,'B',402093.75,'DBBRO1','INE066A01013'),
	('DENIS CHERYSHEV','EICHER MOTORS LTD','19-Jul','',30,'LIMIT',26808,'B',804240,'DBBRO4','INE066A01013'),
	('EDINSON CAVANI','EICHER MOTORS LTD','19-Jul','',25,'LIMIT',26816.35,'S',670408.75,'DBBRO4','INE066A01013'),
	('IGOR AKINFEEV','EICHER MOTORS LTD','19-Jul','',35,'LIMIT',26891.5,'S',941202.5,'DBBRO4','INE066A01013'),
	('JESSE LINGARD','EICHER MOTORS LTD','19-Jul','',10,'LIMIT',26887.15,'S',268871.5,'DBBRO4','INE066A01013'),
	('JESSE LINGARD','EICHER MOTORS LTD','19-Jul','',15,'LIMIT',26895.5,'S',403432.5,'DBBRO4','INE066A01013'),
	('KYLIAN MBAPPE','EICHER MOTORS LTD','19-Jul','',10,'LIMIT',26903.85,'B',269038.5,'DBBRO7','INE066A01013'),
	('KYLIAN MBAPPE','EICHER MOTORS LTD','19-Jul','',15,'LIMIT',26858.1,'B',402871.5,'DBBRO7','INE066A01013'),
	('LIONEL MESSI','EICHER MOTORS LTD','19-Jul','',10,'LIMIT',26866.45,'B',268664.5,'DBBRO7','INE066A01013'),
	('LIONEL MESSI','EICHER MOTORS LTD','19-Jul','',15,'LIMIT',26874.8,'S',403122,'DBBRO7','INE066A01013'),
	('LUIS SUAREZ','EICHER MOTORS LTD','19-Jul','',25,'LIMIT',26883.15,'B',672078.75,'DBBRO7','INE066A01013'),
	('ANDRES INIESTA','HDFC BANK LTD','19-Jul','',100,'LIMIT',2190,'B',219000,'DBBRO2','INE040A01026'),
	('ANDRES INIESTA','HDFC BANK LTD','19-Jul','',120,'LIMIT',2191.35,'B',262962,'DBBRO2','INE040A01026'),
	('ANTOINE GRIEZMANN','HDFC BANK LTD','19-Jul','',125,'LIMIT',2192.7,'S',274087.5,'DBBRO2','INE040A01026'),
	('CARLOS CASIMIRO','HDFC BANK LTD','19-Jul','',215,'LIMIT',2194.05,'S',471720.75,'DBBRO2','INE040A01026'),
	('CHRISTIANO RONALDO','HDFC BANK LTD','19-Jul','',225,'LIMIT',2195.4,'S',493965,'DBBRO2','INE040A01026'),
	('EDINSON CAVANI','HDFC BANK LTD','19-Jul','',325,'LIMIT',2196.75,'S',713943.75,'DBBRO2','INE040A01026'),
	('GERARD PIQUE','HDFC BANK LTD','19-Jul','',100,'LIMIT',2194.4,'B',219440,'DBBRO2','INE040A01026'),
	('HARRY KANE','HDFC BANK LTD','19-Jul','',200,'LIMIT',2192.05,'B',438410,'DBBRO5','INE040A01026'),
	('HARRY MAGUIRE','HDFC BANK LTD','19-Jul','',300,'LIMIT',2189.7,'B',656910,'DBBRO5','INE040A01026'),
	('IGOR AKINFEEV','HDFC BANK LTD','19-Jul','',125,'LIMIT',2187.35,'B',273418.75,'DBBRO5','INE040A01026'),
	('IVAN RAKITIC','HDFC BANK LTD','19-Jul','',215,'LIMIT',2185,'S',469775,'DBBRO5','INE040A01026'),
	('JESSE LINGARD','HDFC BANK LTD','19-Jul','',315,'LIMIT',2182.65,'S',687534.75,'DBBRO5','INE040A01026'),
	('KYLIAN MBAPPE','HDFC BANK LTD','19-Jul','',225,'LIMIT',2186.3,'B',491917.5,'DBBRO5','INE040A01026'),
	('LIONEL MESSI','HDFC BANK LTD','19-Jul','',335,'LIMIT',2189.95,'S',733633.25,'DBBRO5','INE040A01026'),
	('LUIS SUAREZ','HDFC BANK LTD','19-Jul','',230,'LIMIT',2193.6,'B',504528,'DBBRO7','INE040A01026'),
	('LUIS SUAREZ','HDFC BANK LTD','19-Jul','',320,'LIMIT',2197.25,'B',703120,'DBBRO7','INE040A01026'),
	('LUKA MODRIC','HDFC BANK LTD','19-Jul','',130,'LIMIT',2194.3,'S',285259,'DBBRO7','INE040A01026'),
	('MARCELO VIEIRA','HDFC BANK LTD','19-Jul','',215,'LIMIT',2191.35,'B',471140.25,'DBBRO7','INE040A01026'),
	('MESUT OZIL','HDFC BANK LTD','19-Jul','',315,'LIMIT',2188.4,'B',689346,'DBBRO7','INE040A01026'),
	('OLIVIER GIROUD','HDFC BANK LTD','19-Jul','',225,'LIMIT',2185.45,'B',491726.25,'DBBRO7','INE040A01026'),
	('OLIVIER GIROUD','HDFC BANK LTD','19-Jul','',215,'LIMIT',2182.5,'S',469237.5,'DBBRO7','INE040A01026'),
	('PAUL POGBA','HDFC BANK LTD','19-Jul','',315,'LIMIT',2179.55,'S',686558.25,'DBBRO7','INE040A01026'),
	('SERGIO RAMOS','HDFC BANK LTD','19-Jul','',225,'LIMIT',2176.6,'S',489735,'DBBRO7','INE040A01026'),
	('ANDRES INIESTA','MARUTI UDYOG LTD','19-Jul','',15,'LIMIT',9350,'S',140250,'DBBRO1','INE585B01010'),
	('CARLOS CASIMIRO','MARUTI UDYOG LTD','19-Jul','',30,'LIMIT',9355.85,'B',280675.5,'DBBRO1','INE585B01010'),
	('CARLOS CASIMIRO','MARUTI UDYOG LTD','19-Jul','',15,'LIMIT',9361.7,'B',140425.5,'DBBRO1','INE585B01010'),
	('CHRISTIANO RONALDO','MARUTI UDYOG LTD','19-Jul','',30,'LIMIT',9367.55,'B',281026.5,'DBBRO1','INE585B01010'),
	('DENIS CHERYSHEV','MARUTI UDYOG LTD','19-Jul','',25,'LIMIT',9373.4,'B',234335,'DBBRO2','INE585B01010'),
	('GERARD PIQUE','MARUTI UDYOG LTD','19-Jul','',10,'LIMIT',9368.45,'S',93684.5,'DBBRO2','INE585B01010'),
	('GONZALO HIGUAIN','MARUTI UDYOG LTD','19-Jul','',15,'LIMIT',9373.4,'B',140601,'DBBRO2','INE585B01010'),
	('HARRY MAGUIRE','MARUTI UDYOG LTD','19-Jul','',35,'LIMIT',9368.45,'S',327895.75,'DBBRO2','INE585B01010'),
	('IGOR AKINFEEV','MARUTI UDYOG LTD','19-Jul','',10,'LIMIT',9463.5,'B',94635,'DBBRO2','INE585B01010'),
	('JESSE LINGARD','MARUTI UDYOG LTD','19-Jul','',15,'LIMIT',9358.55,'B',140378.25,'DBBRO4','INE585B01010'),
	('KYLIAN MBAPPE','MARUTI UDYOG LTD','19-Jul','',125,'LIMIT',9350.8,'B',1168850,'DBBRO4','INE585B01010'),
	('KYLIAN MBAPPE','MARUTI UDYOG LTD','19-Jul','',135,'LIMIT',9343.05,'S',1261311.75,'DBBRO4','INE585B01010'),
	('KYLIAN MBAPPE','MARUTI UDYOG LTD','19-Jul','',100,'LIMIT',9335.3,'S',933530,'DBBRO4','INE585B01010'),
	('LUIS SUAREZ','MARUTI UDYOG LTD','19-Jul','',95,'LIMIT',9412.75,'S',894211.25,'DBBRO4','INE585B01010'),
	('LUIS SUAREZ','MARUTI UDYOG LTD','19-Jul','',85,'LIMIT',9420.5,'B',800742.5,'DBBRO4','INE585B01010'),
	('OLIVIER GIROUD','MARUTI UDYOG LTD','19-Jul','',90,'LIMIT',9428.25,'S',848542.5,'DBBRO7','INE585B01010'),
	('PAUL POGBA','MARUTI UDYOG LTD','19-Jul','',90,'LIMIT',9436,'B',849240,'DBBRO7','INE585B01010'),
	('SERGIO RAMOS','MARUTI UDYOG LTD','19-Jul','',90,'LIMIT',9443.75,'B',849937.5,'DBBRO7','INE585B01010'),
	('THOMAS MULLER','MARUTI UDYOG LTD','19-Jul','',90,'LIMIT',9451.5,'B',850635,'DBBRO7','INE585B01010'),
	('ANDRES INIESTA','TATA CONSULTANCY SERVICES LTD','19-Jul','',315,'LIMIT',2001,'S',630315,'DBBRO3','INE467B01029'),
	('ANDRES INIESTA','TATA CONSULTANCY SERVICES LTD','19-Jul','',225,'LIMIT',2002.65,'S',450596.25,'DBBRO3','INE467B01029'),
	('ANTOINE GRIEZMANN','TATA CONSULTANCY SERVICES LTD','19-Jul','',335,'LIMIT',2004.3,'S',671440.5,'DBBRO3','INE467B01029'),
	('CARLOS CASIMIRO','TATA CONSULTANCY SERVICES LTD','19-Jul','',230,'LIMIT',2005.95,'S',461368.5,'DBBRO3','INE467B01029'),
	('CHRISTIANO RONALDO','TATA CONSULTANCY SERVICES LTD','19-Jul','',320,'LIMIT',2007.6,'B',642432,'DBBRO3','INE467B01029'),
	('EDINSON CAVANI','TATA CONSULTANCY SERVICES LTD','19-Jul','',130,'LIMIT',2014.25,'B',261852.5,'DBBRO3','INE467B01029'),
	('EDINSON CAVANI','TATA CONSULTANCY SERVICES LTD','19-Jul','',215,'LIMIT',2015.9,'S',433418.5,'DBBRO3','INE467B01029'),
	('GERARD PIQUE','TATA CONSULTANCY SERVICES LTD','19-Jul','',335,'LIMIT',2017.55,'B',675879.25,'DBBRO3','INE467B01029'),
	('GERARD PIQUE','TATA CONSULTANCY SERVICES LTD','19-Jul','',230,'LIMIT',2019.2,'B',464416,'DBBRO3','INE467B01029'),
	('HARRY KANE','TATA CONSULTANCY SERVICES LTD','19-Jul','',320,'LIMIT',2017.55,'B',645616,'DBBRO3','INE467B01029'),
	('HARRY MAGUIRE','TATA CONSULTANCY SERVICES LTD','19-Jul','',130,'LIMIT',2019.2,'S',262496,'DBBRO6','INE467B01029'),
	('IGOR AKINFEEV','TATA CONSULTANCY SERVICES LTD','19-Jul','',335,'LIMIT',2020.85,'S',676984.75,'DBBRO6','INE467B01029'),
	('IGOR AKINFEEV','TATA CONSULTANCY SERVICES LTD','19-Jul','',230,'LIMIT',2022.5,'S',465175,'DBBRO6','INE467B01029'),
	('IVAN RAKITIC','TATA CONSULTANCY SERVICES LTD','19-Jul','',320,'LIMIT',2024.15,'S',647728,'DBBRO6','INE467B01029'),
	('JESSE LINGARD','TATA CONSULTANCY SERVICES LTD','19-Jul','',130,'LIMIT',2025.8,'B',263354,'DBBRO6','INE467B01029'),
	('KYLIAN MBAPPE','TATA CONSULTANCY SERVICES LTD','19-Jul','',335,'LIMIT',2025.15,'B',678425.25,'DBBRO6','INE467B01029'),
	('LIONEL MESSI','TATA CONSULTANCY SERVICES LTD','19-Jul','',230,'LIMIT',2024.5,'B',465635,'DBBRO6','INE467B01029'),
	('LIONEL MESSI','TATA CONSULTANCY SERVICES LTD','19-Jul','',320,'LIMIT',2023.85,'S',647632,'DBBRO6','INE467B01029'),
	('LUIS SUAREZ','TATA CONSULTANCY SERVICES LTD','19-Jul','',130,'LIMIT',2023.2,'B',263016,'DBBRO6','INE467B01029'),
	('LUIS SUAREZ','TATA CONSULTANCY SERVICES LTD','19-Jul','',335,'LIMIT',2022.55,'B',677554.25,'DBBRO6','INE467B01029'),
	('LUKA MODRIC','TATA CONSULTANCY SERVICES LTD','19-Jul','',230,'LIMIT',2021.9,'B',465037,'DBBRO8','INE467B01029'),
	('MARCELO VIEIRA','TATA CONSULTANCY SERVICES LTD','19-Jul','',320,'LIMIT',2021.25,'S',646800,'DBBRO8','INE467B01029'),
	('MESUT OZIL','TATA CONSULTANCY SERVICES LTD','19-Jul','',130,'LIMIT',2020.6,'B',262678,'DBBRO8','INE467B01029'),
	('MESUT OZIL','TATA CONSULTANCY SERVICES LTD','19-Jul','',230,'LIMIT',2019.95,'S',464588.5,'DBBRO8','INE467B01029'),
	('OLIVIER GIROUD','TATA CONSULTANCY SERVICES LTD','19-Jul','',320,'LIMIT',2019.3,'B',646176,'DBBRO8','INE467B01029'),
	('OLIVIER GIROUD','TATA CONSULTANCY SERVICES LTD','19-Jul','',130,'LIMIT',2018.65,'B',262424.5,'DBBRO8','INE467B01029'),
	('PAUL POGBA','TATA CONSULTANCY SERVICES LTD','19-Jul','',230,'LIMIT',2018,'B',464140,'DBBRO8','INE467B01029'),
	('SERGIO RAMOS','TATA CONSULTANCY SERVICES LTD','19-Jul','',320,'LIMIT',2017.35,'S',645552,'DBBRO8','INE467B01029'),
	('THOMAS MULLER','TATA CONSULTANCY SERVICES LTD','19-Jul','',230,'LIMIT',2016.7,'S',463841,'DBBRO8','INE467B01029'),
	('TONI KROOS','TATA CONSULTANCY SERVICES LTD','19-Jul','',320,'LIMIT',2016.05,'S',645136,'DBBRO8','INE467B01029'),
	('ANDRES INIESTA','TITAN COMPANY LTD','19-Jul','',155,'LIMIT',865,'S',134075,'DBBRO1','INE280A01028'),
	('ANTOINE GRIEZMANN','TITAN COMPANY LTD','19-Jul','',235,'LIMIT',865.25,'B',203333.75,'DBBRO1','INE280A01028'),
	('CARLOS CASIMIRO','TITAN COMPANY LTD','19-Jul','',355,'LIMIT',865.5,'B',307252.5,'DBBRO1','INE280A01028'),
	('CARLOS CASIMIRO','TITAN COMPANY LTD','19-Jul','',375,'LIMIT',865.75,'B',324656.25,'DBBRO1','INE280A01028'),
	('DENIS CHERYSHEV','TITAN COMPANY LTD','19-Jul','',820,'LIMIT',866,'B',710120,'DBBRO1','INE280A01028'),
	('EDINSON CAVANI','TITAN COMPANY LTD','19-Jul','',415,'LIMIT',866.25,'S',359493.75,'DBBRO1','INE280A01028'),
	('GONZALO HIGUAIN','TITAN COMPANY LTD','19-Jul','',275,'LIMIT',866.5,'B',238287.5,'DBBRO1','INE280A01028'),
	('GONZALO HIGUAIN','TITAN COMPANY LTD','19-Jul','',95,'LIMIT',866.75,'B',82341.25,'DBBRO1','INE280A01028'),
	('HARRY KANE','TITAN COMPANY LTD','19-Jul','',555,'LIMIT',867,'B',481185,'DBBRO1','INE280A01028'),
	('IGOR AKINFEEV','TITAN COMPANY LTD','19-Jul','',490,'LIMIT',867.25,'S',424952.5,'DBBRO1','INE280A01028'),
	('IVAN RAKITIC','TITAN COMPANY LTD','19-Jul','',325,'LIMIT',867.5,'S',281937.5,'DBBRO1','INE280A01028'),
	('JESSE LINGARD','TITAN COMPANY LTD','19-Jul','',520,'LIMIT',867.75,'S',451230,'DBBRO1','INE280A01028'),
	('JESSE LINGARD','TITAN COMPANY LTD','19-Jul','',425,'LIMIT',867.6,'S',368730,'DBBRO1','INE280A01028'),
	('KYLIAN MBAPPE','TITAN COMPANY LTD','19-Jul','',145,'LIMIT',867.45,'B',125780.25,'DBBRO8','INE280A01028'),
	('KYLIAN MBAPPE','TITAN COMPANY LTD','19-Jul','',150,'LIMIT',867.3,'B',130095,'DBBRO8','INE280A01028'),
	('LIONEL MESSI','TITAN COMPANY LTD','19-Jul','',95,'LIMIT',867.15,'B',82379.25,'DBBRO8','INE280A01028'),
	('LIONEL MESSI','TITAN COMPANY LTD','19-Jul','',555,'LIMIT',867,'B',481185,'DBBRO8','INE280A01028'),
	('LUIS SUAREZ','TITAN COMPANY LTD','19-Jul','',490,'LIMIT',866.85,'B',424756.5,'DBBRO8','INE280A01028'),
	('LUKA MODRIC','TITAN COMPANY LTD','19-Jul','',325,'LIMIT',866.7,'S',281677.5,'DBBRO8','INE280A01028'),
	('MESUT OZIL','TITAN COMPANY LTD','19-Jul','',520,'LIMIT',866.55,'B',450606,'DBBRO8','INE280A01028'),
	('MESUT OZIL','TITAN COMPANY LTD','19-Jul','',555,'LIMIT',866.4,'B',480852,'DBBRO8','INE280A01028'),
	('PAUL POGBA','TITAN COMPANY LTD','19-Jul','',490,'LIMIT',867.55,'B',425099.5,'DBBRO8','INE280A01028'),
	('SERGIO RAMOS','TITAN COMPANY LTD','19-Jul','',325,'LIMIT',868.7,'S',282327.5,'DBBRO8','INE280A01028'),
	('SERGIO RAMOS','TITAN COMPANY LTD','19-Jul','',520,'LIMIT',869.85,'S',452322,'DBBRO8','INE280A01028'),
	('THOMAS MULLER','TITAN COMPANY LTD','19-Jul','',425,'LIMIT',871,'S',370175,'DBBRO8','INE280A01028'),
	('THOMAS MULLER','TITAN COMPANY LTD','19-Jul','',145,'LIMIT',872.15,'S',126461.75,'DBBRO8','INE280A01028'),
	('TONI KROOS','TITAN COMPANY LTD','19-Jul','',150,'LIMIT',873.3,'B',130995,'DBBRO8','INE280A01028');

/*!40000 ALTER TABLE `orders` ENABLE KEYS */;
UNLOCK TABLES;


# Dump of table security_master
# ------------------------------------------------------------

DROP TABLE IF EXISTS `security_master`;

CREATE TABLE `security_master` (
  `COMPANY_NAME` text,
  `SECTOR` text,
  `SYMBOL` text,
  `ISIN` text,
  `MARKET_LOT` int(11) DEFAULT NULL,
  `PRICE_VARIANCE_LIMIT` text
) ENGINE=InnoDB DEFAULT CHARSET=utf8;

LOCK TABLES `security_master` WRITE;
/*!40000 ALTER TABLE `security_master` DISABLE KEYS */;

INSERT INTO `security_master` (`COMPANY_NAME`, `SECTOR`, `SYMBOL`, `ISIN`, `MARKET_LOT`, `PRICE_VARIANCE_LIMIT`)
VALUES
	('TITAN COMPANY LTD','FMCG','TITAN','INE280A01028',1,'2%'),
	('EICHER MOTORS LTD','AUTO','EICHERMOT','INE066A01013',1,'2%'),
	('BHARTI AIRTEL LTD','TELECOM','BHARTIARTL','INE397D01024',1,'2%'),
	('MARUTI UDYOG LTD','AUTO','MARUTI','INE585B01010',1,'2%'),
	('CIPLA LTD','PHARMA','CIPLA','INE059A01026',1,'2%'),
	('TATA CONSULTANCY SERVICES LTD','IT','TCS','INE467B01029',1,'2%'),
	('HDFC BANK LTD','BANKING','HDFCBANK','INE040A01026',1,'2%');

/*!40000 ALTER TABLE `security_master` ENABLE KEYS */;
UNLOCK TABLES;


# Dump of table tcs_stock
# ------------------------------------------------------------

DROP TABLE IF EXISTS `tcs_stock`;

CREATE TABLE `tcs_stock` (
  `Hours` int(11) DEFAULT NULL,
  `Minutes` int(11) DEFAULT NULL,
  `Symbol` text,
  `ISIN_NO` text,
  `last_traded_price` double DEFAULT NULL
) ENGINE=InnoDB DEFAULT CHARSET=utf8;

LOCK TABLES `tcs_stock` WRITE;
/*!40000 ALTER TABLE `tcs_stock` DISABLE KEYS */;

INSERT INTO `tcs_stock` (`Hours`, `Minutes`, `Symbol`, `ISIN_NO`, `last_traded_price`)
VALUES
	(9,15,'TCS','INE467B01029',1998.55),
	(9,18,'TCS','INE467B01029',2001.05),
	(9,21,'TCS','INE467B01029',2003.55),
	(9,24,'TCS','INE467B01029',2006.05),
	(9,27,'TCS','INE467B01029',2008.55),
	(9,30,'TCS','INE467B01029',2011.05),
	(9,33,'TCS','INE467B01029',2013.55),
	(9,36,'TCS','INE467B01029',2016.05),
	(9,39,'TCS','INE467B01029',2018.55),
	(9,42,'TCS','INE467B01029',2021.05),
	(9,45,'TCS','INE467B01029',2023.55),
	(9,48,'TCS','INE467B01029',2026.05),
	(9,51,'TCS','INE467B01029',2028.55),
	(9,54,'TCS','INE467B01029',2031.05),
	(9,57,'TCS','INE467B01029',2033.55),
	(10,0,'TCS','INE467B01029',2028.55),
	(10,3,'TCS','INE467B01029',2031.05),
	(10,7,'TCS','INE467B01029',2033.55),
	(10,11,'TCS','INE467B01029',2037),
	(10,15,'TCS','INE467B01029',2040.45),
	(10,19,'TCS','INE467B01029',2039),
	(10,23,'TCS','INE467B01029',2037.55),
	(10,27,'TCS','INE467B01029',2036.1),
	(10,31,'TCS','INE467B01029',2034.65),
	(10,35,'TCS','INE467B01029',2033.2),
	(10,39,'TCS','INE467B01029',2031.75),
	(10,43,'TCS','INE467B01029',2035.2),
	(10,47,'TCS','INE467B01029',2038.65),
	(10,51,'TCS','INE467B01029',2042.1),
	(10,55,'TCS','INE467B01029',2045.55),
	(11,0,'TCS','INE467B01029',2049),
	(11,3,'TCS','INE467B01029',2046.35),
	(11,6,'TCS','INE467B01029',2043.7),
	(11,9,'TCS','INE467B01029',2041.05),
	(11,12,'TCS','INE467B01029',2038.4),
	(11,15,'TCS','INE467B01029',2035.75),
	(11,18,'TCS','INE467B01029',2033.1),
	(11,21,'TCS','INE467B01029',2030.45),
	(11,24,'TCS','INE467B01029',2027.8),
	(11,27,'TCS','INE467B01029',2025.15),
	(11,30,'TCS','INE467B01029',2022.5),
	(11,33,'TCS','INE467B01029',2019.85),
	(11,36,'TCS','INE467B01029',2017.2),
	(11,39,'TCS','INE467B01029',2020.15),
	(11,42,'TCS','INE467B01029',2023.1),
	(11,45,'TCS','INE467B01029',2026.05),
	(12,0,'TCS','INE467B01029',2026.05),
	(12,3,'TCS','INE467B01029',2029),
	(12,6,'TCS','INE467B01029',2031.95),
	(12,9,'TCS','INE467B01029',2034.9),
	(12,12,'TCS','INE467B01029',2037.85),
	(12,15,'TCS','INE467B01029',2040.8),
	(12,18,'TCS','INE467B01029',2043.75),
	(12,21,'TCS','INE467B01029',2042.7),
	(12,24,'TCS','INE467B01029',2041.65),
	(12,27,'TCS','INE467B01029',2040.6),
	(12,30,'TCS','INE467B01029',2039.55),
	(12,33,'TCS','INE467B01029',2038.5),
	(12,36,'TCS','INE467B01029',2037.45),
	(12,39,'TCS','INE467B01029',2036.4),
	(12,42,'TCS','INE467B01029',2035.35),
	(12,45,'TCS','INE467B01029',2034.3),
	(12,48,'TCS','INE467B01029',2033.25),
	(12,51,'TCS','INE467B01029',2032.2),
	(12,54,'TCS','INE467B01029',2031.15),
	(12,57,'TCS','INE467B01029',2030.1),
	(1,0,'TCS','INE467B01029',2034.3),
	(1,4,'TCS','INE467B01029',2033.25),
	(1,8,'TCS','INE467B01029',2032.2),
	(1,12,'TCS','INE467B01029',2031.15),
	(1,16,'TCS','INE467B01029',2030.1),
	(1,20,'TCS','INE467B01029',2029.05),
	(1,24,'TCS','INE467B01029',2028),
	(1,28,'TCS','INE467B01029',2026.95),
	(1,32,'TCS','INE467B01029',2025.9),
	(1,36,'TCS','INE467B01029',2024.85),
	(1,40,'TCS','INE467B01029',2023.8),
	(1,44,'TCS','INE467B01029',2022.75),
	(1,48,'TCS','INE467B01029',2021.7),
	(1,52,'TCS','INE467B01029',2020.65),
	(1,56,'TCS','INE467B01029',2019.6),
	(2,0,'TCS','INE467B01029',2018.55),
	(2,3,'TCS','INE467B01029',2017.5),
	(2,6,'TCS','INE467B01029',2016.45),
	(2,9,'TCS','INE467B01029',2015.4),
	(2,12,'TCS','INE467B01029',2014.35),
	(2,15,'TCS','INE467B01029',2013.3),
	(2,18,'TCS','INE467B01029',2012.25),
	(2,21,'TCS','INE467B01029',2011.2),
	(2,24,'TCS','INE467B01029',2010.15),
	(2,27,'TCS','INE467B01029',2009.1),
	(2,30,'TCS','INE467B01029',2011.05),
	(2,33,'TCS','INE467B01029',2013),
	(2,36,'TCS','INE467B01029',2014.95),
	(2,39,'TCS','INE467B01029',2016.9),
	(2,42,'TCS','INE467B01029',2018.85),
	(2,45,'TCS','INE467B01029',2020.8),
	(2,48,'TCS','INE467B01029',2022.75),
	(2,51,'TCS','INE467B01029',2024.7),
	(2,54,'TCS','INE467B01029',2026.65),
	(2,57,'TCS','INE467B01029',2028.6),
	(3,0,'TCS','INE467B01029',2020.8),
	(3,3,'TCS','INE467B01029',2022.75),
	(3,6,'TCS','INE467B01029',2024.7),
	(3,9,'TCS','INE467B01029',2026.65),
	(3,12,'TCS','INE467B01029',2028.6),
	(3,15,'TCS','INE467B01029',2030.55),
	(3,18,'TCS','INE467B01029',2032.5),
	(3,21,'TCS','INE467B01029',2034.45),
	(3,24,'TCS','INE467B01029',2036.4),
	(3,27,'TCS','INE467B01029',2038.35),
	(3,30,'TCS','INE467B01029',2040.3);

/*!40000 ALTER TABLE `tcs_stock` ENABLE KEYS */;
UNLOCK TABLES;


# Dump of table titan_stock
# ------------------------------------------------------------

DROP TABLE IF EXISTS `titan_stock`;

CREATE TABLE `titan_stock` (
  `Hours` int(11) DEFAULT NULL,
  `Minutes` int(11) DEFAULT NULL,
  `Symbol` text,
  `ISIN_NO` text,
  `last_traded_price` double DEFAULT NULL
) ENGINE=InnoDB DEFAULT CHARSET=utf8;

LOCK TABLES `titan_stock` WRITE;
/*!40000 ALTER TABLE `titan_stock` DISABLE KEYS */;

INSERT INTO `titan_stock` (`Hours`, `Minutes`, `Symbol`, `ISIN_NO`, `last_traded_price`)
VALUES
	(9,15,'EICHERMOT','INE066A01013',26761.35),
	(9,18,'EICHERMOT','INE066A01013',26766),
	(9,21,'EICHERMOT','INE066A01013',26770.65),
	(9,24,'EICHERMOT','INE066A01013',26775.3),
	(9,27,'EICHERMOT','INE066A01013',26779.95),
	(9,30,'EICHERMOT','INE066A01013',26784.6),
	(9,33,'EICHERMOT','INE066A01013',26789.25),
	(9,36,'EICHERMOT','INE066A01013',26793.9),
	(9,39,'EICHERMOT','INE066A01013',26798.55),
	(9,42,'EICHERMOT','INE066A01013',26803.2),
	(9,45,'EICHERMOT','INE066A01013',26807.85),
	(9,48,'EICHERMOT','INE066A01013',26812.5),
	(9,51,'EICHERMOT','INE066A01013',26817.15),
	(9,54,'EICHERMOT','INE066A01013',26821.8),
	(9,57,'EICHERMOT','INE066A01013',26833.65),
	(10,0,'EICHERMOT','INE066A01013',26841.5),
	(10,3,'EICHERMOT','INE066A01013',26849.35),
	(10,7,'EICHERMOT','INE066A01013',26857.2),
	(10,11,'EICHERMOT','INE066A01013',26865.05),
	(10,15,'EICHERMOT','INE066A01013',26872.9),
	(10,19,'EICHERMOT','INE066A01013',26880.75),
	(10,23,'EICHERMOT','INE066A01013',26888.6),
	(10,27,'EICHERMOT','INE066A01013',26896.45),
	(10,31,'EICHERMOT','INE066A01013',26904.3),
	(10,35,'EICHERMOT','INE066A01013',26912.15),
	(10,39,'EICHERMOT','INE066A01013',26924),
	(10,43,'EICHERMOT','INE066A01013',26935.85),
	(10,47,'EICHERMOT','INE066A01013',26947.7),
	(10,51,'EICHERMOT','INE066A01013',26959.55),
	(10,55,'EICHERMOT','INE066A01013',26971.4),
	(11,0,'EICHERMOT','INE066A01013',26983.25),
	(11,3,'EICHERMOT','INE066A01013',26995.1),
	(11,6,'EICHERMOT','INE066A01013',27006.95),
	(11,9,'EICHERMOT','INE066A01013',27018.8),
	(11,12,'EICHERMOT','INE066A01013',27011.95),
	(11,15,'EICHERMOT','INE066A01013',27005.1),
	(11,18,'EICHERMOT','INE066A01013',26995.25),
	(11,21,'EICHERMOT','INE066A01013',26985.4),
	(11,24,'EICHERMOT','INE066A01013',26980.55),
	(11,27,'EICHERMOT','INE066A01013',26975.7),
	(11,30,'EICHERMOT','INE066A01013',26970.85),
	(11,33,'EICHERMOT','INE066A01013',26966),
	(11,36,'EICHERMOT','INE066A01013',26961.15),
	(11,39,'EICHERMOT','INE066A01013',26956.3),
	(11,42,'EICHERMOT','INE066A01013',26951.45),
	(11,45,'EICHERMOT','INE066A01013',26946.6),
	(12,0,'EICHERMOT','INE066A01013',26941.75),
	(12,3,'EICHERMOT','INE066A01013',26936.9),
	(12,6,'EICHERMOT','INE066A01013',26927.05),
	(12,9,'EICHERMOT','INE066A01013',26936.2),
	(12,12,'EICHERMOT','INE066A01013',26945.35),
	(12,15,'EICHERMOT','INE066A01013',26954.5),
	(12,18,'EICHERMOT','INE066A01013',26963.65),
	(12,21,'EICHERMOT','INE066A01013',26972.8),
	(12,24,'EICHERMOT','INE066A01013',26981.95),
	(12,27,'EICHERMOT','INE066A01013',26991.1),
	(12,30,'EICHERMOT','INE066A01013',27000.25),
	(12,33,'EICHERMOT','INE066A01013',27009.4),
	(12,36,'EICHERMOT','INE066A01013',27006.25),
	(12,39,'EICHERMOT','INE066A01013',27003.1),
	(12,42,'EICHERMOT','INE066A01013',26999.95),
	(12,45,'EICHERMOT','INE066A01013',26996.8),
	(12,48,'EICHERMOT','INE066A01013',26993.65),
	(12,51,'EICHERMOT','INE066A01013',26990.5),
	(12,54,'EICHERMOT','INE066A01013',26987.35),
	(12,57,'EICHERMOT','INE066A01013',26984.2),
	(1,0,'EICHERMOT','INE066A01013',26981.05),
	(1,4,'EICHERMOT','INE066A01013',26977.9),
	(1,8,'EICHERMOT','INE066A01013',26974.75),
	(1,12,'EICHERMOT','INE066A01013',26971.6),
	(1,16,'EICHERMOT','INE066A01013',26968.45),
	(1,20,'EICHERMOT','INE066A01013',26965.3),
	(1,24,'EICHERMOT','INE066A01013',26962.15),
	(1,28,'EICHERMOT','INE066A01013',26953.7),
	(1,32,'EICHERMOT','INE066A01013',26945.25),
	(1,36,'EICHERMOT','INE066A01013',26936.8),
	(1,40,'EICHERMOT','INE066A01013',26928.35),
	(1,44,'EICHERMOT','INE066A01013',26919.9),
	(1,48,'EICHERMOT','INE066A01013',26911.45),
	(1,52,'EICHERMOT','INE066A01013',26903),
	(1,56,'EICHERMOT','INE066A01013',26894.55),
	(2,0,'EICHERMOT','INE066A01013',26886.1),
	(2,3,'EICHERMOT','INE066A01013',26877.65),
	(2,6,'EICHERMOT','INE066A01013',26869.2),
	(2,9,'EICHERMOT','INE066A01013',26860.75),
	(2,12,'EICHERMOT','INE066A01013',26852.3),
	(2,15,'EICHERMOT','INE066A01013',26843.85),
	(2,18,'EICHERMOT','INE066A01013',26845.9),
	(2,21,'EICHERMOT','INE066A01013',26847.95),
	(2,24,'EICHERMOT','INE066A01013',26850),
	(2,27,'EICHERMOT','INE066A01013',26852.05),
	(2,30,'EICHERMOT','INE066A01013',26854.1),
	(2,33,'EICHERMOT','INE066A01013',26856.15),
	(2,36,'EICHERMOT','INE066A01013',26858.2),
	(2,39,'EICHERMOT','INE066A01013',26865.55),
	(2,42,'EICHERMOT','INE066A01013',26872.9),
	(2,45,'EICHERMOT','INE066A01013',26880.25),
	(2,48,'EICHERMOT','INE066A01013',26887.6),
	(2,51,'EICHERMOT','INE066A01013',26889.95),
	(2,54,'EICHERMOT','INE066A01013',26892.3),
	(2,57,'EICHERMOT','INE066A01013',26894.65),
	(3,0,'EICHERMOT','INE066A01013',26897),
	(3,3,'EICHERMOT','INE066A01013',26899.35),
	(3,6,'EICHERMOT','INE066A01013',26901.7),
	(3,9,'EICHERMOT','INE066A01013',26904.05),
	(3,12,'EICHERMOT','INE066A01013',26906.4),
	(3,15,'EICHERMOT','INE066A01013',26908.75),
	(3,18,'EICHERMOT','INE066A01013',26911.1),
	(3,21,'EICHERMOT','INE066A01013',26913.45),
	(3,24,'EICHERMOT','INE066A01013',26915.8),
	(3,27,'EICHERMOT','INE066A01013',26918.15),
	(3,30,'EICHERMOT','INE066A01013',26920.5);

/*!40000 ALTER TABLE `titan_stock` ENABLE KEYS */;
UNLOCK TABLES;


# Dump of table user
# ------------------------------------------------------------

DROP TABLE IF EXISTS `user`;

CREATE TABLE `user` (
  `id` text,
  `name` text,
  `password` text
) ENGINE=InnoDB DEFAULT CHARSET=utf8;

LOCK TABLES `user` WRITE;
/*!40000 ALTER TABLE `user` DISABLE KEYS */;

INSERT INTO `user` (`id`, `name`, `password`)
VALUES
	('DBBRO1','Saina N','ABCD1234'),
	('DBBRO2','Hima D','EFGH5678'),
	('DBBRO3','Sandeep K','IJKL9012'),
	('DBBRO4','Sindhu P V','MNOP3456'),
	('DBBRO5','Virat K','QRST7890'),
	('DBBRO6','Mahendra','UVWX1234'),
	('DBBRO7','Sakshi Malik','YZAB5678'),
	('DBBRO8','Deepa KARMAKAR','CDEF9012'),
	('ap','Ashish Patel','123');

/*!40000 ALTER TABLE `user` ENABLE KEYS */;
UNLOCK TABLES;



/*!40111 SET SQL_NOTES=@OLD_SQL_NOTES */;
/*!40101 SET SQL_MODE=@OLD_SQL_MODE */;
/*!40014 SET FOREIGN_KEY_CHECKS=@OLD_FOREIGN_KEY_CHECKS */;
/*!40101 SET CHARACTER_SET_CLIENT=@OLD_CHARACTER_SET_CLIENT */;
/*!40101 SET CHARACTER_SET_RESULTS=@OLD_CHARACTER_SET_RESULTS */;
/*!40101 SET COLLATION_CONNECTION=@OLD_COLLATION_CONNECTION */;
